"","BARCODE","celltype"
"AAACCTGAGTACGTTC","AAACCTGAGTACGTTC-1",0
"AAACCTGTCCGGCACA","AAACCTGTCCGGCACA-1",0
"AAACGGGAGACCCACC","AAACGGGAGACCCACC-1",0
"AAAGCAAAGGGTTTCT","AAAGCAAAGGGTTTCT-1",0
"AAAGCAAGTCTAGCCG","AAAGCAAGTCTAGCCG-1",1
"AAAGCAATCCACTCCA","AAAGCAATCCACTCCA-1",0
"AAAGTAGAGCAACGGT","AAAGTAGAGCAACGGT-1",0
"AAAGTAGCAAGAAAGG","AAAGTAGCAAGAAAGG-1",0
"AAAGTAGCATTGCGGC","AAAGTAGCATTGCGGC-1",1
"AAAGTAGTCATGTGGT","AAAGTAGTCATGTGGT-1",0
"AAAGTAGTCCTGTAGA","AAAGTAGTCCTGTAGA-1",0
"AAAGTAGTCTGTACGA","AAAGTAGTCTGTACGA-1",0
"AAATGCCGTAGAGGAA","AAATGCCGTAGAGGAA-1",0
"AACACGTAGATAGGAG","AACACGTAGATAGGAG-1",1
"AACCATGCAATGTTGC","AACCATGCAATGTTGC-1",0
"AACCGCGTCAACTCTT","AACCGCGTCAACTCTT-1",0
"AACCGCGTCCTCAACC","AACCGCGTCCTCAACC-1",0
"AACGTTGAGATCCTGT","AACGTTGAGATCCTGT-1",0
"AACGTTGTCGTTTAGG","AACGTTGTCGTTTAGG-1",0
"AACTCAGAGATATGGT","AACTCAGAGATATGGT-1",0
"AACTCAGGTACCGGCT","AACTCAGGTACCGGCT-1",0
"AACTCAGTCTCTGAGA","AACTCAGTCTCTGAGA-1",0
"AACTCTTAGTGAAGTT","AACTCTTAGTGAAGTT-1",1
"AACTCTTTCTTGTCAT","AACTCTTTCTTGTCAT-1",0
"AACTGGTCAACACGCC","AACTGGTCAACACGCC-1",0
"AACTTTCTCGTAGATC","AACTTTCTCGTAGATC-1",1
"AAGACCTAGTACGATA","AAGACCTAGTACGATA-1",0
"AAGACCTCATTACCTT","AAGACCTCATTACCTT-1",0
"AAGCCGCTCGATAGAA","AAGCCGCTCGATAGAA-1",0
"AAGGCAGGTAGTAGTA","AAGGCAGGTAGTAGTA-1",0
"AAGTCTGCAGGGATTG","AAGTCTGCAGGGATTG-1",0
"AAGTCTGTCCTGTAGA","AAGTCTGTCCTGTAGA-1",0
"AAGTCTGTCGTCACGG","AAGTCTGTCGTCACGG-1",0
"AAGTCTGTCTGTTGAG","AAGTCTGTCTGTTGAG-1",0
"AATCCAGAGTCGATAA","AATCCAGAGTCGATAA-1",0
"AATCCAGCAAAGAATC","AATCCAGCAAAGAATC-1",0
"AATCGGTTCAGTACGT","AATCGGTTCAGTACGT-1",0
"AATCGGTTCTCGAGTA","AATCGGTTCTCGAGTA-1",0
"AATCGGTTCTTTACAC","AATCGGTTCTTTACAC-1",0
"ACACCCTCACACATGT","ACACCCTCACACATGT-1",0
"ACACCCTTCACAGGCC","ACACCCTTCACAGGCC-1",0
"ACACCGGAGGAGCGAG","ACACCGGAGGAGCGAG-1",1
"ACACTGACATTCTCAT","ACACTGACATTCTCAT-1",0
"ACACTGATCCCAACGG","ACACTGATCCCAACGG-1",0
"ACAGCTAGTCTAGAGG","ACAGCTAGTCTAGAGG-1",0
"ACAGCTATCGTAGATC","ACAGCTATCGTAGATC-1",0
"ACATACGAGATCGGGT","ACATACGAGATCGGGT-1",0
"ACATACGGTAAACGCG","ACATACGGTAAACGCG-1",0
"ACATACGTCTCGAGTA","ACATACGTCTCGAGTA-1",0
"ACCAGTACACGGCGTT","ACCAGTACACGGCGTT-1",1
"ACCGTAAAGATAGCAT","ACCGTAAAGATAGCAT-1",0
"ACCGTAAGTGCAACGA","ACCGTAAGTGCAACGA-1",1
"ACCGTAATCAGAGCTT","ACCGTAATCAGAGCTT-1",0
"ACCGTAATCCAAGCCG","ACCGTAATCCAAGCCG-1",0
"ACCTTTATCTCGATGA","ACCTTTATCTCGATGA-1",0
"ACGAGCCCACGCGAAA","ACGAGCCCACGCGAAA-1",0
"ACGATACAGCTAACAA","ACGATACAGCTAACAA-1",0
"ACGATACAGTCTCAAC","ACGATACAGTCTCAAC-1",0
"ACGATACGTACATCCA","ACGATACGTACATCCA-1",1
"ACGATACGTTCAGTAC","ACGATACGTTCAGTAC-1",0
"ACGATGTAGTCCATAC","ACGATGTAGTCCATAC-1",1
"ACGATGTCATGCCACG","ACGATGTCATGCCACG-1",0
"ACGATGTGTCATATCG","ACGATGTGTCATATCG-1",0
"ACGATGTGTTACTGAC","ACGATGTGTTACTGAC-1",0
"ACGATGTTCCAAAGTC","ACGATGTTCCAAAGTC-1",0
"ACGATGTTCTGTCAAG","ACGATGTTCTGTCAAG-1",0
"ACGCAGCAGCTGCAAG","ACGCAGCAGCTGCAAG-1",0
"ACGCAGCAGGAACTGC","ACGCAGCAGGAACTGC-1",1
"ACGCAGCGTCTCACCT","ACGCAGCGTCTCACCT-1",1
"ACGCAGCGTTCTCATT","ACGCAGCGTTCTCATT-1",0
"ACGCAGCTCAAACGGG","ACGCAGCTCAAACGGG-1",0
"ACGGAGAAGCTATGCT","ACGGAGAAGCTATGCT-1",1
"ACGGCCAAGCAGGCTA","ACGGCCAAGCAGGCTA-1",0
"ACGGCCACACAGGTTT","ACGGCCACACAGGTTT-1",0
"ACGGCCAGTTAAGACA","ACGGCCAGTTAAGACA-1",0
"ACGGGCTCAGGGAGAG","ACGGGCTCAGGGAGAG-1",0
"ACGGGCTTCCAGAAGG","ACGGGCTTCCAGAAGG-1",0
"ACGGGTCCATGGTAGG","ACGGGTCCATGGTAGG-1",0
"ACGTCAACAAACGCGA","ACGTCAACAAACGCGA-1",0
"ACGTCAACAAGTCTAC","ACGTCAACAAGTCTAC-1",1
"ACTATCTCACGGACAA","ACTATCTCACGGACAA-1",0
"ACTATCTGTGTCCTCT","ACTATCTGTGTCCTCT-1",0
"ACTGAACAGATAGCAT","ACTGAACAGATAGCAT-1",0
"ACTGAACAGCCGGTAA","ACTGAACAGCCGGTAA-1",1
"ACTGAACCAGGAATGC","ACTGAACCAGGAATGC-1",0
"ACTGATGAGAGTAATC","ACTGATGAGAGTAATC-1",0
"ACTGATGAGCTAAGAT","ACTGATGAGCTAAGAT-1",1
"ACTGCTCAGAAACCAT","ACTGCTCAGAAACCAT-1",0
"ACTGCTCGTGTAACGG","ACTGCTCGTGTAACGG-1",1
"ACTTACTAGTGAACAT","ACTTACTAGTGAACAT-1",1
"ACTTACTAGTGCCATT","ACTTACTAGTGCCATT-1",1
"ACTTACTAGTTCCACA","ACTTACTAGTTCCACA-1",0
"ACTTACTCACAGATTC","ACTTACTCACAGATTC-1",0
"ACTTACTCACCCTATC","ACTTACTCACCCTATC-1",0
"AGAATAGTCCTCAATT","AGAATAGTCCTCAATT-1",0
"AGAGCGAAGTCATCCA","AGAGCGAAGTCATCCA-1",1
"AGAGCGAGTAACGCGA","AGAGCGAGTAACGCGA-1",0
"AGAGCGAGTCTAGCCG","AGAGCGAGTCTAGCCG-1",0
"AGAGCGATCCGGGTGT","AGAGCGATCCGGGTGT-1",0
"AGAGCTTCACGAAATA","AGAGCTTCACGAAATA-1",0
"AGAGCTTGTTGTCTTT","AGAGCTTGTTGTCTTT-1",0
"AGAGTGGAGGCTAGCA","AGAGTGGAGGCTAGCA-1",0
"AGAGTGGCAGGTCTCG","AGAGTGGCAGGTCTCG-1",0
"AGAGTGGCATGTCCTC","AGAGTGGCATGTCCTC-1",0
"AGAGTGGGTCTCACCT","AGAGTGGGTCTCACCT-1",0
"AGAGTGGGTTCTGTTT","AGAGTGGGTTCTGTTT-1",0
"AGAGTGGTCCATGCTC","AGAGTGGTCCATGCTC-1",0
"AGATTGCTCCACTCCA","AGATTGCTCCACTCCA-1",0
"AGCAGCCAGGGAACGG","AGCAGCCAGGGAACGG-1",1
"AGCAGCCGTACTCGCG","AGCAGCCGTACTCGCG-1",0
"AGCAGCCGTACTTCTT","AGCAGCCGTACTTCTT-1",0
"AGCAGCCTCTGTTTGT","AGCAGCCTCTGTTTGT-1",0
"AGCATACTCTAACTCT","AGCATACTCTAACTCT-1",0
"AGCCTAAGTAGCGCAA","AGCCTAAGTAGCGCAA-1",0
"AGCGGTCCAGTCAGCC","AGCGGTCCAGTCAGCC-1",0
"AGCGGTCCATGGTTGT","AGCGGTCCATGGTTGT-1",0
"AGCGGTCGTGGCGAAT","AGCGGTCGTGGCGAAT-1",0
"AGCGGTCTCCTATGTT","AGCGGTCTCCTATGTT-1",0
"AGCGGTCTCTGTCAAG","AGCGGTCTCTGTCAAG-1",1
"AGCTCCTAGTCGCCGT","AGCTCCTAGTCGCCGT-1",0
"AGCTCCTCATACGCTA","AGCTCCTCATACGCTA-1",0
"AGCTCTCAGATCGGGT","AGCTCTCAGATCGGGT-1",1
"AGCTCTCCAAGAAGAG","AGCTCTCCAAGAAGAG-1",0
"AGCTCTCGTACGAAAT","AGCTCTCGTACGAAAT-1",0
"AGCTCTCGTTGCTCCT","AGCTCTCGTTGCTCCT-1",1
"AGCTCTCTCTCGTTTA","AGCTCTCTCTCGTTTA-1",0
"AGCTTGACACTTACGA","AGCTTGACACTTACGA-1",0
"AGCTTGAGTAGGACAC","AGCTTGAGTAGGACAC-1",0
"AGCTTGATCCGGGTGT","AGCTTGATCCGGGTGT-1",1
"AGGCCACAGGTGTGGT","AGGCCACAGGTGTGGT-1",0
"AGGCCACCAAAGGTGC","AGGCCACCAAAGGTGC-1",0
"AGGCCACCAGCTCGAC","AGGCCACCAGCTCGAC-1",0
"AGGCCACCAGTATGCT","AGGCCACCAGTATGCT-1",0
"AGGCCGTAGTAGCGGT","AGGCCGTAGTAGCGGT-1",0
"AGGCCGTCACACAGAG","AGGCCGTCACACAGAG-1",0
"AGGCCGTGTCCGCTGA","AGGCCGTGTCCGCTGA-1",1
"AGGGAGTAGCTCAACT","AGGGAGTAGCTCAACT-1",0
"AGGGAGTCATGGTTGT","AGGGAGTCATGGTTGT-1",1
"AGGGATGGTAAACACA","AGGGATGGTAAACACA-1",1
"AGGGATGGTTGAGGTG","AGGGATGGTTGAGGTG-1",1
"AGGGTGAAGTGGTAGC","AGGGTGAAGTGGTAGC-1",0
"AGGGTGACACCCATTC","AGGGTGACACCCATTC-1",1
"AGGTCATAGGCCCTTG","AGGTCATAGGCCCTTG-1",0
"AGGTCATGTCTAGGTT","AGGTCATGTCTAGGTT-1",0
"AGGTCATTCAGTTTGG","AGGTCATTCAGTTTGG-1",0
"AGGTCCGAGTATTGGA","AGGTCCGAGTATTGGA-1",0
"AGGTCCGTCCGATATG","AGGTCCGTCCGATATG-1",0
"AGGTCCGTCTATGTGG","AGGTCCGTCTATGTGG-1",0
"AGTCTTTAGAGTTGGC","AGTCTTTAGAGTTGGC-1",0
"AGTGAGGCATTCACTT","AGTGAGGCATTCACTT-1",0
"AGTGAGGTCTGTCTAT","AGTGAGGTCTGTCTAT-1",0
"AGTGGGAGTGCAACTT","AGTGGGAGTGCAACTT-1",0
"AGTGTCAGTAACGACG","AGTGTCAGTAACGACG-1",0
"AGTGTCAGTTACGACT","AGTGTCAGTTACGACT-1",0
"AGTTGGTCAATAGCAA","AGTTGGTCAATAGCAA-1",0
"AGTTGGTCACCAGATT","AGTTGGTCACCAGATT-1",0
"AGTTGGTGTCTGGAGA","AGTTGGTGTCTGGAGA-1",0
"AGTTGGTTCCAGTATG","AGTTGGTTCCAGTATG-1",1
"AGTTGGTTCCCGGATG","AGTTGGTTCCCGGATG-1",0
"ATAACGCTCCAAGCCG","ATAACGCTCCAAGCCG-1",0
"ATAAGAGAGCTAACAA","ATAAGAGAGCTAACAA-1",0
"ATAGACCAGTACGTTC","ATAGACCAGTACGTTC-1",0
"ATAGACCGTGTAACGG","ATAGACCGTGTAACGG-1",0
"ATAGACCTCGGATGTT","ATAGACCTCGGATGTT-1",0
"ATCACGAGTTACCGAT","ATCACGAGTTACCGAT-1",0
"ATCATCTAGCCGATTT","ATCATCTAGCCGATTT-1",0
"ATCATCTTCTGCGTAA","ATCATCTTCTGCGTAA-1",0
"ATCATGGAGAGTGACC","ATCATGGAGAGTGACC-1",0
"ATCATGGCAATTCCTT","ATCATGGCAATTCCTT-1",0
"ATCATGGCAGTAACGG","ATCATGGCAGTAACGG-1",1
"ATCATGGGTGAGGCTA","ATCATGGGTGAGGCTA-1",0
"ATCATGGTCCAAACTG","ATCATGGTCCAAACTG-1",0
"ATCCACCCAAGGACTG","ATCCACCCAAGGACTG-1",0
"ATCCACCCAGACGCAA","ATCCACCCAGACGCAA-1",1
"ATCCACCGTGGCTCCA","ATCCACCGTGGCTCCA-1",0
"ATCCACCTCTGTCCGT","ATCCACCTCTGTCCGT-1",1
"ATCCGAACACGAAACG","ATCCGAACACGAAACG-1",0
"ATCCGAACATACCATG","ATCCGAACATACCATG-1",0
"ATCCGAATCCAGAAGG","ATCCGAATCCAGAAGG-1",0
"ATCGAGTAGGGTGTTG","ATCGAGTAGGGTGTTG-1",0
"ATCGAGTTCGCCAAAT","ATCGAGTTCGCCAAAT-1",0
"ATCTACTTCCAGAAGG","ATCTACTTCCAGAAGG-1",1
"ATCTACTTCGTCACGG","ATCTACTTCGTCACGG-1",0
"ATCTGCCAGTGGGTTG","ATCTGCCAGTGGGTTG-1",0
"ATCTGCCGTAGCTAAA","ATCTGCCGTAGCTAAA-1",0
"ATGAGGGGTATGCTTG","ATGAGGGGTATGCTTG-1",0
"ATGAGGGTCTTCTGGC","ATGAGGGTCTTCTGGC-1",0
"ATGCGATAGAAGGCCT","ATGCGATAGAAGGCCT-1",0
"ATTACTCAGAGACTTA","ATTACTCAGAGACTTA-1",0
"ATTACTCAGTACGATA","ATTACTCAGTACGATA-1",0
"ATTATCCCATCTATGG","ATTATCCCATCTATGG-1",1
"ATTCTACTCTAACTTC","ATTCTACTCTAACTTC-1",0
"ATTGGACAGCGTTCCG","ATTGGACAGCGTTCCG-1",0
"ATTGGACCAGCGATCC","ATTGGACCAGCGATCC-1",0
"ATTGGTGAGACTGTAA","ATTGGTGAGACTGTAA-1",0
"ATTGGTGAGTTTCCTT","ATTGGTGAGTTTCCTT-1",0
"ATTTCTGCAAACGTGG","ATTTCTGCAAACGTGG-1",0
"CAACCAAGTACGCTGC","CAACCAAGTACGCTGC-1",0
"CAACCTCAGTCAAGCG","CAACCTCAGTCAAGCG-1",0
"CAACCTCCACCGAATT","CAACCTCCACCGAATT-1",0
"CAACCTCGTCGCCATG","CAACCTCGTCGCCATG-1",0
"CAACTAGCAGTCACTA","CAACTAGCAGTCACTA-1",0
"CAACTAGTCAATCTCT","CAACTAGTCAATCTCT-1",0
"CAAGAAATCCGTACAA","CAAGAAATCCGTACAA-1",1
"CAAGATCGTCTTCTCG","CAAGATCGTCTTCTCG-1",1
"CAAGGCCCACAGGAGT","CAAGGCCCACAGGAGT-1",0
"CAAGGCCGTGAGTGAC","CAAGGCCGTGAGTGAC-1",1
"CAAGGCCTCCTCAACC","CAAGGCCTCCTCAACC-1",0
"CACAAACAGTGTTTGC","CACAAACAGTGTTTGC-1",1
"CACAAACGTAAACCTC","CACAAACGTAAACCTC-1",1
"CACAAACTCACATGCA","CACAAACTCACATGCA-1",0
"CACACAACATGACGGA","CACACAACATGACGGA-1",1
"CACACTCAGCTGCGAA","CACACTCAGCTGCGAA-1",0
"CACACTCAGTGTACTC","CACACTCAGTGTACTC-1",0
"CACAGGCTCATACGGT","CACAGGCTCATACGGT-1",0
"CACAGTAAGACAAGCC","CACAGTAAGACAAGCC-1",0
"CACAGTATCTCCGGTT","CACAGTATCTCCGGTT-1",0
"CACATTTAGACCTAGG","CACATTTAGACCTAGG-1",0
"CACATTTAGCCGTCGT","CACATTTAGCCGTCGT-1",0
"CACCACTAGAGCCTAG","CACCACTAGAGCCTAG-1",0
"CACCTTGCAACGATCT","CACCTTGCAACGATCT-1",1
"CACCTTGGTGTATGGG","CACCTTGGTGTATGGG-1",0
"CACTCCATCGCGCCAA","CACTCCATCGCGCCAA-1",0
"CAGAGAGCAGATGAGC","CAGAGAGCAGATGAGC-1",1
"CAGAGAGTCCACGCAG","CAGAGAGTCCACGCAG-1",0
"CAGATCAAGGATATAC","CAGATCAAGGATATAC-1",0
"CAGATCACAGTTAACC","CAGATCACAGTTAACC-1",0
"CAGATCATCTTCATGT","CAGATCATCTTCATGT-1",0
"CAGCATAAGAATGTGT","CAGCATAAGAATGTGT-1",0
"CAGCATACACGGCTAC","CAGCATACACGGCTAC-1",1
"CAGCATACATGTTGAC","CAGCATACATGTTGAC-1",0
"CAGCATAGTGACGCCT","CAGCATAGTGACGCCT-1",0
"CAGCGACCACTAAGTC","CAGCGACCACTAAGTC-1",0
"CAGCGACTCAAACAAG","CAGCGACTCAAACAAG-1",0
"CAGCGACTCCTTAATC","CAGCGACTCCTTAATC-1",0
"CAGCTAAGTAGCCTAT","CAGCTAAGTAGCCTAT-1",0
"CAGCTGGCAAATCCGT","CAGCTGGCAAATCCGT-1",0
"CAGCTGGCATAGACTC","CAGCTGGCATAGACTC-1",0
"CAGGTGCCACGCCAGT","CAGGTGCCACGCCAGT-1",0
"CAGGTGCGTCAACATC","CAGGTGCGTCAACATC-1",0
"CAGGTGCGTGAGTATA","CAGGTGCGTGAGTATA-1",1
"CAGTAACCAATGTAAG","CAGTAACCAATGTAAG-1",1
"CAGTAACCATCTACGA","CAGTAACCATCTACGA-1",0
"CATATGGGTTTGTGTG","CATATGGGTTTGTGTG-1",1
"CATATGGTCTATCGCC","CATATGGTCTATCGCC-1",0
"CATATTCGTCTAGAGG","CATATTCGTCTAGAGG-1",0
"CATATTCGTTACTGAC","CATATTCGTTACTGAC-1",0
"CATATTCTCACCATAG","CATATTCTCACCATAG-1",0
"CATCAAGAGATCCCAT","CATCAAGAGATCCCAT-1",0
"CATCAAGCATTTCAGG","CATCAAGCATTTCAGG-1",0
"CATCAAGGTATTCTCT","CATCAAGGTATTCTCT-1",0
"CATCAGAGTTCCACTC","CATCAGAGTTCCACTC-1",0
"CATCGGGAGCATCATC","CATCGGGAGCATCATC-1",0
"CATCGGGGTAAGGGAA","CATCGGGGTAAGGGAA-1",0
"CATGACAGTAGCGTCC","CATGACAGTAGCGTCC-1",0
"CATGACAGTCGAGTTT","CATGACAGTCGAGTTT-1",0
"CATGCCTGTCTCCACT","CATGCCTGTCTCCACT-1",0
"CATGCCTTCCAAAGTC","CATGCCTTCCAAAGTC-1",0
"CATGGCGAGTGCTGCC","CATGGCGAGTGCTGCC-1",0
"CATTCGCAGTCATGCT","CATTCGCAGTCATGCT-1",0
"CATTCGCGTGTTCGAT","CATTCGCGTGTTCGAT-1",0
"CCAATCCAGGCCATAG","CCAATCCAGGCCATAG-1",0
"CCAATCCCAGCCTGTG","CCAATCCCAGCCTGTG-1",1
"CCAATCCTCGCTTGTC","CCAATCCTCGCTTGTC-1",0
"CCACCTATCTAACCGA","CCACCTATCTAACCGA-1",0
"CCACTACCACCAGCAC","CCACTACCACCAGCAC-1",0
"CCACTACGTGTGCGTC","CCACTACGTGTGCGTC-1",0
"CCACTACTCTTATCTG","CCACTACTCTTATCTG-1",0
"CCAGCGACAGACGCAA","CCAGCGACAGACGCAA-1",0
"CCATGTCAGTGTACCT","CCATGTCAGTGTACCT-1",1
"CCATGTCCACAGGCCT","CCATGTCCACAGGCCT-1",0
"CCATTCGGTCAGTGGA","CCATTCGGTCAGTGGA-1",0
"CCCAATCGTAAGCACG","CCCAATCGTAAGCACG-1",0
"CCCAGTTAGCGTTTAC","CCCAGTTAGCGTTTAC-1",0
"CCCAGTTAGTGGACGT","CCCAGTTAGTGGACGT-1",0
"CCCAGTTCATCTACGA","CCCAGTTCATCTACGA-1",0
"CCCAGTTTCAGGCAAG","CCCAGTTTCAGGCAAG-1",1
"CCCAGTTTCTTGCATT","CCCAGTTTCTTGCATT-1",0
"CCCTCCTAGAGAACAG","CCCTCCTAGAGAACAG-1",0
"CCCTCCTAGTCGTACT","CCCTCCTAGTCGTACT-1",0
"CCCTCCTCATCGGTTA","CCCTCCTCATCGGTTA-1",0
"CCCTCCTGTAGGGACT","CCCTCCTGTAGGGACT-1",0
"CCCTCCTTCTAACCGA","CCCTCCTTCTAACCGA-1",0
"CCGGGATAGAAACCAT","CCGGGATAGAAACCAT-1",0
"CCGGGATCAGTCAGAG","CCGGGATCAGTCAGAG-1",0
"CCGGGATCATGCGCAC","CCGGGATCATGCGCAC-1",1
"CCGGTAGGTGACCAAG","CCGGTAGGTGACCAAG-1",1
"CCGGTAGTCCTTCAAT","CCGGTAGTCCTTCAAT-1",1
"CCGTGGACAGACGCCT","CCGTGGACAGACGCCT-1",0
"CCGTGGAGTAGTAGTA","CCGTGGAGTAGTAGTA-1",1
"CCTACCACATACAGCT","CCTACCACATACAGCT-1",1
"CCTAGCTAGAGGTAGA","CCTAGCTAGAGGTAGA-1",0
"CCTAGCTGTTGTCTTT","CCTAGCTGTTGTCTTT-1",1
"CCTAGCTTCAGCCTAA","CCTAGCTTCAGCCTAA-1",0
"CCTCAGTAGGATGGTC","CCTCAGTAGGATGGTC-1",0
"CCTTCCCCAAACGTGG","CCTTCCCCAAACGTGG-1",0
"CCTTCCCCATGTTCCC","CCTTCCCCATGTTCCC-1",0
"CCTTCCCGTTTGGGCC","CCTTCCCGTTTGGGCC-1",1
"CCTTCGAAGACTCGGA","CCTTCGAAGACTCGGA-1",0
"CCTTCGATCATCTGTT","CCTTCGATCATCTGTT-1",0
"CCTTTCTAGCCACTAT","CCTTTCTAGCCACTAT-1",0
"CCTTTCTCACCATCCT","CCTTTCTCACCATCCT-1",0
"CCTTTCTCAGACTCGC","CCTTTCTCAGACTCGC-1",0
"CCTTTCTTCTGTCTCG","CCTTTCTTCTGTCTCG-1",0
"CGAATGTAGGATTCGG","CGAATGTAGGATTCGG-1",0
"CGAATGTCACAGGCCT","CGAATGTCACAGGCCT-1",0
"CGACCTTAGGCGACAT","CGACCTTAGGCGACAT-1",1
"CGACCTTGTACGCACC","CGACCTTGTACGCACC-1",0
"CGACTTCAGAGTGACC","CGACTTCAGAGTGACC-1",0
"CGACTTCGTGAGTATA","CGACTTCGTGAGTATA-1",0
"CGACTTCTCGGCCGAT","CGACTTCTCGGCCGAT-1",0
"CGAGAAGTCAGGTTCA","CGAGAAGTCAGGTTCA-1",0
"CGAGAAGTCGGCGCTA","CGAGAAGTCGGCGCTA-1",1
"CGAGCACAGCGATATA","CGAGCACAGCGATATA-1",0
"CGAGCACTCGGAGGTA","CGAGCACTCGGAGGTA-1",0
"CGAGCCAAGTATCTCG","CGAGCCAAGTATCTCG-1",0
"CGAGCCACATCATCCC","CGAGCCACATCATCCC-1",0
"CGAGCCATCAACGGGA","CGAGCCATCAACGGGA-1",1
"CGATCGGGTAGCTGCC","CGATCGGGTAGCTGCC-1",0
"CGATGGCCAGCCTTGG","CGATGGCCAGCCTTGG-1",0
"CGATGTACATTTGCCC","CGATGTACATTTGCCC-1",1
"CGATGTAGTACAGACG","CGATGTAGTACAGACG-1",0
"CGATTGAAGTCAAGCG","CGATTGAAGTCAAGCG-1",0
"CGATTGACAGGCTGAA","CGATTGACAGGCTGAA-1",0
"CGATTGACATATACCG","CGATTGACATATACCG-1",0
"CGATTGACATGCTGGC","CGATTGACATGCTGGC-1",0
"CGATTGAGTAAATACG","CGATTGAGTAAATACG-1",0
"CGATTGAGTTTGTGTG","CGATTGAGTTTGTGTG-1",0
"CGATTGATCGCCTGTT","CGATTGATCGCCTGTT-1",1
"CGCCAAGAGAAGATTC","CGCCAAGAGAAGATTC-1",0
"CGCGGTAAGCGTCAAG","CGCGGTAAGCGTCAAG-1",0
"CGCGGTAAGGACACCA","CGCGGTAAGGACACCA-1",0
"CGCGGTACACAGACTT","CGCGGTACACAGACTT-1",1
"CGCGGTACACTCTGTC","CGCGGTACACTCTGTC-1",0
"CGCGGTAGTGTGAATA","CGCGGTAGTGTGAATA-1",0
"CGCGGTATCCGTCATC","CGCGGTATCCGTCATC-1",0
"CGCGTTTGTGCAGTAG","CGCGTTTGTGCAGTAG-1",0
"CGCTATCAGAGGGCTT","CGCTATCAGAGGGCTT-1",0
"CGCTATCCAACACCTA","CGCTATCCAACACCTA-1",0
"CGCTATCTCACAATGC","CGCTATCTCACAATGC-1",1
"CGCTTCAGTATAGTAG","CGCTTCAGTATAGTAG-1",0
"CGCTTCATCTGGCGTG","CGCTTCATCTGGCGTG-1",0
"CGGACACTCATTGCGA","CGGACACTCATTGCGA-1",0
"CGGACACTCTTTACAC","CGGACACTCTTTACAC-1",0
"CGGACGTGTCAGAATA","CGGACGTGTCAGAATA-1",0
"CGGACGTTCCAAAGTC","CGGACGTTCCAAAGTC-1",0
"CGGACTGCATATGAGA","CGGACTGCATATGAGA-1",0
"CGGACTGGTCCTCCAT","CGGACTGGTCCTCCAT-1",1
"CGGAGCTAGATCGATA","CGGAGCTAGATCGATA-1",0
"CGGAGCTAGGTAGCTG","CGGAGCTAGGTAGCTG-1",0
"CGGAGCTGTCTAGAGG","CGGAGCTGTCTAGAGG-1",0
"CGGAGTCAGAGGTAGA","CGGAGTCAGAGGTAGA-1",0
"CGGAGTCGTGACAAAT","CGGAGTCGTGACAAAT-1",0
"CGGAGTCTCGACAGCC","CGGAGTCTCGACAGCC-1",0
"CGGCTAGCAATCGGTT","CGGCTAGCAATCGGTT-1",0
"CGGCTAGCACTAAGTC","CGGCTAGCACTAAGTC-1",1
"CGGCTAGCATGTAGTC","CGGCTAGCATGTAGTC-1",0
"CGGCTAGTCCTTGGTC","CGGCTAGTCCTTGGTC-1",0
"CGGGTCAAGTGCCAGA","CGGGTCAAGTGCCAGA-1",0
"CGGTTAACACAAGCCC","CGGTTAACACAAGCCC-1",0
"CGGTTAAGTTCCACAA","CGGTTAAGTTCCACAA-1",0
"CGTAGCGCAAGCGTAG","CGTAGCGCAAGCGTAG-1",1
"CGTAGCGGTGCAGGTA","CGTAGCGGTGCAGGTA-1",0
"CGTAGGCCAAAGGCGT","CGTAGGCCAAAGGCGT-1",0
"CGTAGGCCATTCCTGC","CGTAGGCCATTCCTGC-1",0
"CGTAGGCTCCGTCAAA","CGTAGGCTCCGTCAAA-1",0
"CGTAGGCTCCTGTACC","CGTAGGCTCCTGTACC-1",1
"CGTAGGCTCTTTAGGG","CGTAGGCTCTTTAGGG-1",0
"CGTCACTCATTGGCGC","CGTCACTCATTGGCGC-1",1
"CGTCACTGTCGCGAAA","CGTCACTGTCGCGAAA-1",0
"CGTCACTGTGAGCGAT","CGTCACTGTGAGCGAT-1",0
"CGTCCATCACCCAGTG","CGTCCATCACCCAGTG-1",0
"CGTGTAACAGTGGAGT","CGTGTAACAGTGGAGT-1",1
"CGTGTCTAGGCTAGAC","CGTGTCTAGGCTAGAC-1",0
"CGTGTCTGTAGCCTCG","CGTGTCTGTAGCCTCG-1",1
"CGTGTCTTCTCACATT","CGTGTCTTCTCACATT-1",0
"CGTTAGAAGCAGGCTA","CGTTAGAAGCAGGCTA-1",0
"CGTTAGAGTTGGTGGA","CGTTAGAGTTGGTGGA-1",1
"CGTTAGATCCGTAGGC","CGTTAGATCCGTAGGC-1",0
"CGTTCTGAGGGCATGT","CGTTCTGAGGGCATGT-1",0
"CGTTCTGTCGGATGTT","CGTTCTGTCGGATGTT-1",0
"CTAAGACAGCAATATG","CTAAGACAGCAATATG-1",1
"CTAAGACGTCATCCCT","CTAAGACGTCATCCCT-1",0
"CTAATGGCATGGTAGG","CTAATGGCATGGTAGG-1",0
"CTACACCAGTTAGGTA","CTACACCAGTTAGGTA-1",1
"CTACACCTCATGCAAC","CTACACCTCATGCAAC-1",0
"CTACACCTCTCGTTTA","CTACACCTCTCGTTTA-1",0
"CTACATTAGAGCTTCT","CTACATTAGAGCTTCT-1",0
"CTACATTAGATCCCAT","CTACATTAGATCCCAT-1",0
"CTACATTAGCACCGTC","CTACATTAGCACCGTC-1",0
"CTACATTAGCCACGCT","CTACATTAGCCACGCT-1",0
"CTACATTAGGCTCATT","CTACATTAGGCTCATT-1",0
"CTACATTAGTAGCCGA","CTACATTAGTAGCCGA-1",0
"CTACGTCAGGAGCGTT","CTACGTCAGGAGCGTT-1",0
"CTACGTCGTTGTTTGG","CTACGTCGTTGTTTGG-1",1
"CTAGAGTAGCCAGAAC","CTAGAGTAGCCAGAAC-1",0
"CTAGAGTCAGGTGGAT","CTAGAGTCAGGTGGAT-1",0
"CTAGAGTCATGACATC","CTAGAGTCATGACATC-1",0
"CTAGAGTGTCCGAATT","CTAGAGTGTCCGAATT-1",0
"CTAGAGTGTGAAATCA","CTAGAGTGTGAAATCA-1",0
"CTAGCCTTCACAGGCC","CTAGCCTTCACAGGCC-1",0
"CTAGTGAGTATCGCAT","CTAGTGAGTATCGCAT-1",0
"CTAGTGATCTACTTAC","CTAGTGATCTACTTAC-1",0
"CTCACACCAGCCAGAA","CTCACACCAGCCAGAA-1",0
"CTCACACCAGTGGAGT","CTCACACCAGTGGAGT-1",0
"CTCACACGTGCTGTAT","CTCACACGTGCTGTAT-1",1
"CTCATTAAGACCGGAT","CTCATTAAGACCGGAT-1",0
"CTCATTACAATGGATA","CTCATTACAATGGATA-1",0
"CTCCTAGAGCCCAACC","CTCCTAGAGCCCAACC-1",0
"CTCGAAACAATGACCT","CTCGAAACAATGACCT-1",0
"CTCGAAACATTTGCCC","CTCGAAACATTTGCCC-1",0
"CTCGGAGTCCAGATCA","CTCGGAGTCCAGATCA-1",0
"CTCGGAGTCGGATGGA","CTCGGAGTCGGATGGA-1",0
"CTCGGGAAGAATTCCC","CTCGGGAAGAATTCCC-1",0
"CTCGGGAGTCAAGCGA","CTCGGGAGTCAAGCGA-1",0
"CTCGTACTCCGCAGTG","CTCGTACTCCGCAGTG-1",0
"CTCGTCAAGCCCAGCT","CTCGTCAAGCCCAGCT-1",0
"CTCGTCAAGCTAAACA","CTCGTCAAGCTAAACA-1",1
"CTCGTCAGTCACAAGG","CTCGTCAGTCACAAGG-1",0
"CTCGTCAGTTCCGTCT","CTCGTCAGTTCCGTCT-1",0
"CTCGTCAGTTGGAGGT","CTCGTCAGTTGGAGGT-1",0
"CTCGTCATCTGGGCCA","CTCGTCATCTGGGCCA-1",0
"CTCTAATCATGGATGG","CTCTAATCATGGATGG-1",1
"CTCTAATGTGCGCTTG","CTCTAATGTGCGCTTG-1",0
"CTCTAATGTTGGTGGA","CTCTAATGTTGGTGGA-1",0
"CTCTACGGTTGCTCCT","CTCTACGGTTGCTCCT-1",0
"CTCTGGTAGTCCGGTC","CTCTGGTAGTCCGGTC-1",0
"CTGAAGTAGTCTCCTC","CTGAAGTAGTCTCCTC-1",0
"CTGATAGTCTCTAGGA","CTGATAGTCTCTAGGA-1",0
"CTGATCCTCCCATTTA","CTGATCCTCCCATTTA-1",0
"CTGCGGATCCTACAGA","CTGCGGATCCTACAGA-1",0
"CTGCTGTTCATGTAGC","CTGCTGTTCATGTAGC-1",0
"CTGGTCTCATGTCTCC","CTGGTCTCATGTCTCC-1",0
"CTGGTCTGTTAAGAAC","CTGGTCTGTTAAGAAC-1",1
"CTGGTCTTCTGCTGCT","CTGGTCTTCTGCTGCT-1",1
"CTGTGCTTCGCCTGAG","CTGTGCTTCGCCTGAG-1",0
"CTGTTTAAGCTGAAAT","CTGTTTAAGCTGAAAT-1",0
"CTGTTTACAGCCTTTC","CTGTTTACAGCCTTTC-1",0
"CTGTTTAGTAGCGATG","CTGTTTAGTAGCGATG-1",0
"CTTAACTTCTGCAGTA","CTTAACTTCTGCAGTA-1",0
"CTTACCGTCGCATGGC","CTTACCGTCGCATGGC-1",0
"CTTACCGTCTCGAGTA","CTTACCGTCTCGAGTA-1",1
"CTTAGGAAGATATGGT","CTTAGGAAGATATGGT-1",0
"CTTCTCTCATTCCTCG","CTTCTCTCATTCCTCG-1",0
"CTTCTCTGTGGCTCCA","CTTCTCTGTGGCTCCA-1",0
"CTTGGCTAGGGCACTA","CTTGGCTAGGGCACTA-1",0
"CTTGGCTAGTAAGTAC","CTTGGCTAGTAAGTAC-1",0
"CTTGGCTTCAAACGGG","CTTGGCTTCAAACGGG-1",0
"CTTGGCTTCAGCACAT","CTTGGCTTCAGCACAT-1",0
"CTTTGCGCACACAGAG","CTTTGCGCACACAGAG-1",0
"GAAACTCGTGTGAAAT","GAAACTCGTGTGAAAT-1",1
"GAAACTCTCGAATGCT","GAAACTCTCGAATGCT-1",0
"GAAACTCTCGTTGCCT","GAAACTCTCGTTGCCT-1",0
"GAAATGAGTTTACTCT","GAAATGAGTTTACTCT-1",0
"GAAATGATCTATGTGG","GAAATGATCTATGTGG-1",0
"GAACATCAGGGCTCTC","GAACATCAGGGCTCTC-1",0
"GAACATCCACGCTTTC","GAACATCCACGCTTTC-1",0
"GAACGGACAGATTGCT","GAACGGACAGATTGCT-1",1
"GACACGCAGTCATCCA","GACACGCAGTCATCCA-1",0
"GACAGAGCACTTACGA","GACAGAGCACTTACGA-1",0
"GACCAATAGAAGGGTA","GACCAATAGAAGGGTA-1",0
"GACCAATAGTTCGATC","GACCAATAGTTCGATC-1",0
"GACCTGGTCTGTCAAG","GACCTGGTCTGTCAAG-1",1
"GACGGCTCAGCTATTG","GACGGCTCAGCTATTG-1",0
"GACGGCTTCGCGATCG","GACGGCTTCGCGATCG-1",0
"GACGTGCAGTACCGGA","GACGTGCAGTACCGGA-1",0
"GACGTGCAGTGGTAGC","GACGTGCAGTGGTAGC-1",0
"GACGTGCGTCTTTCAT","GACGTGCGTCTTTCAT-1",0
"GACGTTACAGGCAGTA","GACGTTACAGGCAGTA-1",0
"GACTAACAGAAACGAG","GACTAACAGAAACGAG-1",0
"GACTGCGAGTACGCGA","GACTGCGAGTACGCGA-1",0
"GACTGCGAGTACGTAA","GACTGCGAGTACGTAA-1",0
"GACTGCGTCTTACCGC","GACTGCGTCTTACCGC-1",0
"GAGCAGAAGAAGATTC","GAGCAGAAGAAGATTC-1",0
"GAGCAGAGTCAGTGGA","GAGCAGAGTCAGTGGA-1",0
"GAGGTGACACGTGAGA","GAGGTGACACGTGAGA-1",0
"GAGGTGATCACAATGC","GAGGTGATCACAATGC-1",0
"GAGTCCGAGTCGTACT","GAGTCCGAGTCGTACT-1",0
"GAGTCCGTCATTGCCC","GAGTCCGTCATTGCCC-1",1
"GATCAGTAGCGATTCT","GATCAGTAGCGATTCT-1",0
"GATCAGTTCAGCGATT","GATCAGTTCAGCGATT-1",0
"GATCAGTTCGCAGGCT","GATCAGTTCGCAGGCT-1",0
"GATCGATGTAAACACA","GATCGATGTAAACACA-1",0
"GATCGCGTCCGGGTGT","GATCGCGTCCGGGTGT-1",0
"GATCGTAAGCTGGAAC","GATCGTAAGCTGGAAC-1",0
"GATCGTAGTTGTCTTT","GATCGTAGTTGTCTTT-1",1
"GATCGTATCGTTTATC","GATCGTATCGTTTATC-1",0
"GATCTAGCAATCCGAT","GATCTAGCAATCCGAT-1",0
"GATCTAGGTACGAAAT","GATCTAGGTACGAAAT-1",0
"GATGAAAAGCCTTGAT","GATGAAAAGCCTTGAT-1",0
"GATGAAAAGCTAACTC","GATGAAAAGCTAACTC-1",0
"GATGAGGAGCATGGCA","GATGAGGAGCATGGCA-1",0
"GATGAGGAGGGAACGG","GATGAGGAGGGAACGG-1",0
"GATGAGGAGTGCGTGA","GATGAGGAGTGCGTGA-1",0
"GATGCTACACATTTCT","GATGCTACACATTTCT-1",0
"GATTCAGTCGTGACAT","GATTCAGTCGTGACAT-1",0
"GCAAACTGTACTCTCC","GCAAACTGTACTCTCC-1",0
"GCAAACTTCACCCGAG","GCAAACTTCACCCGAG-1",1
"GCAATCAAGACAGGCT","GCAATCAAGACAGGCT-1",0
"GCAATCACAGTAAGCG","GCAATCACAGTAAGCG-1",0
"GCACATACAGCTTCGG","GCACATACAGCTTCGG-1",0
"GCACTCTGTCACTGGC","GCACTCTGTCACTGGC-1",0
"GCACTCTTCTGCTGTC","GCACTCTTCTGCTGTC-1",1
"GCAGCCACAGGTTTCA","GCAGCCACAGGTTTCA-1",0
"GCAGCCACATGGATGG","GCAGCCACATGGATGG-1",0
"GCAGCCAGTCGCCATG","GCAGCCAGTCGCCATG-1",0
"GCAGCCATCATTGCCC","GCAGCCATCATTGCCC-1",0
"GCAGTTAAGATGGGTC","GCAGTTAAGATGGGTC-1",0
"GCAGTTAGTAAATGTG","GCAGTTAGTAAATGTG-1",0
"GCAGTTAGTATAGTAG","GCAGTTAGTATAGTAG-1",1
"GCATACACAAGAGGCT","GCATACACAAGAGGCT-1",0
"GCATACACAATAGCAA","GCATACACAATAGCAA-1",0
"GCATACACATGGTCTA","GCATACACATGGTCTA-1",0
"GCATACATCTCTGTCG","GCATACATCTCTGTCG-1",0
"GCATGATAGCAGCGTA","GCATGATAGCAGCGTA-1",0
"GCATGATCAGCTGTGC","GCATGATCAGCTGTGC-1",0
"GCATGCGTCGTCGTTC","GCATGCGTCGTCGTTC-1",1
"GCCAAATGTGAGCGAT","GCCAAATGTGAGCGAT-1",0
"GCCAAATTCAACCATG","GCCAAATTCAACCATG-1",0
"GCGACCAGTCACAAGG","GCGACCAGTCACAAGG-1",0
"GCGACCATCGCATGGC","GCGACCATCGCATGGC-1",0
"GCGAGAATCGATAGAA","GCGAGAATCGATAGAA-1",0
"GCGCAACAGAACTCGG","GCGCAACAGAACTCGG-1",0
"GCGCAACAGCTCAACT","GCGCAACAGCTCAACT-1",0
"GCGCAACCAAACTGCT","GCGCAACCAAACTGCT-1",0
"GCGCAGTAGCTCCTTC","GCGCAGTAGCTCCTTC-1",0
"GCGCAGTGTCATGCAT","GCGCAGTGTCATGCAT-1",0
"GCGCAGTTCGATAGAA","GCGCAGTTCGATAGAA-1",1
"GCGCAGTTCTTAGCCC","GCGCAGTTCTTAGCCC-1",0
"GCGCCAAGTAGGCTGA","GCGCCAAGTAGGCTGA-1",0
"GCGCCAAGTCGGATCC","GCGCCAAGTCGGATCC-1",0
"GCGCCAATCGCTTAGA","GCGCCAATCGCTTAGA-1",0
"GCGCGATTCGGCATCG","GCGCGATTCGGCATCG-1",0
"GCGGGTTTCGCCCTTA","GCGGGTTTCGCCCTTA-1",0
"GCTCCTAAGAATGTTG","GCTCCTAAGAATGTTG-1",0
"GCTCCTATCAGGTAAA","GCTCCTATCAGGTAAA-1",0
"GCTCTGTAGATCTGAA","GCTCTGTAGATCTGAA-1",0
"GCTGCAGAGGATTCGG","GCTGCAGAGGATTCGG-1",0
"GCTGCGACATGACGGA","GCTGCGACATGACGGA-1",0
"GCTGCGAGTGTCCTCT","GCTGCGAGTGTCCTCT-1",0
"GCTGCTTAGCACAGGT","GCTGCTTAGCACAGGT-1",0
"GCTGCTTCACGGTAGA","GCTGCTTCACGGTAGA-1",0
"GCTGGGTCATTCTTAC","GCTGGGTCATTCTTAC-1",0
"GCTTCCAGTCCAGTGC","GCTTCCAGTCCAGTGC-1",0
"GCTTCCATCTGCTGTC","GCTTCCATCTGCTGTC-1",0
"GCTTGAAAGGGTCGAT","GCTTGAAAGGGTCGAT-1",0
"GGAAAGCCATTGGCGC","GGAAAGCCATTGGCGC-1",0
"GGAATAAAGCCGATTT","GGAATAAAGCCGATTT-1",0
"GGAATAAAGTGGAGTC","GGAATAAAGTGGAGTC-1",0
"GGAATAACAGACGCAA","GGAATAACAGACGCAA-1",0
"GGAATAAGTGGGTCAA","GGAATAAGTGGGTCAA-1",0
"GGAATAATCCAACCAA","GGAATAATCCAACCAA-1",0
"GGAATAATCCTTAATC","GGAATAATCCTTAATC-1",0
"GGAATAATCTGTCTCG","GGAATAATCTGTCTCG-1",0
"GGACAAGAGGTGCTAG","GGACAAGAGGTGCTAG-1",0
"GGACAAGCACAGAGGT","GGACAAGCACAGAGGT-1",0
"GGACAAGGTCGGCATC","GGACAAGGTCGGCATC-1",0
"GGACAGATCCAGTAGT","GGACAGATCCAGTAGT-1",1
"GGACATTTCTGATTCT","GGACATTTCTGATTCT-1",0
"GGACGTCAGTGGAGAA","GGACGTCAGTGGAGAA-1",0
"GGACGTCCAGTAAGCG","GGACGTCCAGTAAGCG-1",0
"GGAGCAACAGACGCAA","GGAGCAACAGACGCAA-1",0
"GGAGCAATCACGACTA","GGAGCAATCACGACTA-1",0
"GGAGCAATCCTCTAGC","GGAGCAATCCTCTAGC-1",0
"GGAGCAATCTTGTCAT","GGAGCAATCTTGTCAT-1",0
"GGATGTTCACGGCTAC","GGATGTTCACGGCTAC-1",0
"GGATGTTGTCGTCTTC","GGATGTTGTCGTCTTC-1",0
"GGATGTTGTCTACCTC","GGATGTTGTCTACCTC-1",0
"GGATGTTTCAGAGACG","GGATGTTTCAGAGACG-1",0
"GGCAATTCAGCCAGAA","GGCAATTCAGCCAGAA-1",0
"GGCAATTGTAAAGTCA","GGCAATTGTAAAGTCA-1",0
"GGCAATTTCCTGTAGA","GGCAATTTCCTGTAGA-1",0
"GGCCGATAGTCGATAA","GGCCGATAGTCGATAA-1",0
"GGCCGATTCCCGACTT","GGCCGATTCCCGACTT-1",0
"GGCGACTCATGGTCAT","GGCGACTCATGGTCAT-1",0
"GGCGTGTAGCTTATCG","GGCGTGTAGCTTATCG-1",0
"GGCTCGAAGGGTCGAT","GGCTCGAAGGGTCGAT-1",0
"GGCTCGAGTAGCGTGA","GGCTCGAGTAGCGTGA-1",0
"GGCTGGTGTCTTCAAG","GGCTGGTGTCTTCAAG-1",0
"GGGAATGAGCCCAATT","GGGAATGAGCCCAATT-1",0
"GGGAATGCATAGACTC","GGGAATGCATAGACTC-1",0
"GGGAATGTCATAACCG","GGGAATGTCATAACCG-1",1
"GGGACCTAGGCATGTG","GGGACCTAGGCATGTG-1",1
"GGGACCTAGGCCGAAT","GGGACCTAGGCCGAAT-1",1
"GGGAGATAGTAGTGCG","GGGAGATAGTAGTGCG-1",0
"GGGAGATCAGATCTGT","GGGAGATCAGATCTGT-1",0
"GGGATGAAGGGTCGAT","GGGATGAAGGGTCGAT-1",0
"GGGATGACAAGAGGCT","GGGATGACAAGAGGCT-1",0
"GGGCACTCAGGCAGTA","GGGCACTCAGGCAGTA-1",0
"GGGCATCGTCGCGTGT","GGGCATCGTCGCGTGT-1",0
"GGGCATCTCTCTGTCG","GGGCATCTCTCTGTCG-1",1
"GGGTTGCCATTACCTT","GGGTTGCCATTACCTT-1",0
"GGGTTGCTCGCATGAT","GGGTTGCTCGCATGAT-1",0
"GGTGAAGAGAAACCTA","GGTGAAGAGAAACCTA-1",0
"GGTGCGTTCATTGCGA","GGTGCGTTCATTGCGA-1",0
"GGTGTTAGTGGGTCAA","GGTGTTAGTGGGTCAA-1",0
"GTAACGTAGGTCATCT","GTAACGTAGGTCATCT-1",0
"GTAACGTCACGTCTCT","GTAACGTCACGTCTCT-1",1
"GTAACGTGTCGCGGTT","GTAACGTGTCGCGGTT-1",0
"GTAACGTGTGCCTTGG","GTAACGTGTGCCTTGG-1",0
"GTACGTAAGAGTGAGA","GTACGTAAGAGTGAGA-1",0
"GTACGTACAGTACACT","GTACGTACAGTACACT-1",0
"GTACGTACATTGGCGC","GTACGTACATTGGCGC-1",1
"GTACTCCCAAGCCGCT","GTACTCCCAAGCCGCT-1",0
"GTACTCCGTGAGTATA","GTACTCCGTGAGTATA-1",0
"GTACTCCTCATCTGCC","GTACTCCTCATCTGCC-1",1
"GTAGGCCAGCACCGTC","GTAGGCCAGCACCGTC-1",0
"GTAGGCCCAGCATACT","GTAGGCCCAGCATACT-1",0
"GTAGGCCGTGCAGACA","GTAGGCCGTGCAGACA-1",0
"GTAGTCAAGGGAGTAA","GTAGTCAAGGGAGTAA-1",1
"GTAGTCAGTATAGTAG","GTAGTCAGTATAGTAG-1",0
"GTATCTTAGTGGTAAT","GTATCTTAGTGGTAAT-1",0
"GTATCTTGTGAGTGAC","GTATCTTGTGAGTGAC-1",0
"GTATCTTTCCCTAACC","GTATCTTTCCCTAACC-1",0
"GTATTCTCAAGAAAGG","GTATTCTCAAGAAAGG-1",0
"GTATTCTGTTCGCTAA","GTATTCTGTTCGCTAA-1",0
"GTATTCTTCTCAACTT","GTATTCTTCTCAACTT-1",0
"GTCAAGTGTAAGAGGA","GTCAAGTGTAAGAGGA-1",0
"GTCACAAAGTCAAGGC","GTCACAAAGTCAAGGC-1",0
"GTCACGGGTAACGCGA","GTCACGGGTAACGCGA-1",0
"GTCACGGTCCGATATG","GTCACGGTCCGATATG-1",0
"GTCATTTTCGCATGGC","GTCATTTTCGCATGGC-1",0
"GTCCTCACAATAGCGG","GTCCTCACAATAGCGG-1",0
"GTCCTCACAATCAGAA","GTCCTCACAATCAGAA-1",0
"GTCCTCATCAGTTTGG","GTCCTCATCAGTTTGG-1",0
"GTCCTCATCGCAAGCC","GTCCTCATCGCAAGCC-1",0
"GTCGGGTTCGCGTTTC","GTCGGGTTCGCGTTTC-1",0
"GTCTCGTAGGGAAACA","GTCTCGTAGGGAAACA-1",0
"GTCTCGTCAATCAGAA","GTCTCGTCAATCAGAA-1",0
"GTCTTCGAGTGCTGCC","GTCTTCGAGTGCTGCC-1",0
"GTGAAGGTCGCACTCT","GTGAAGGTCGCACTCT-1",0
"GTGCAGCAGTTGCAGG","GTGCAGCAGTTGCAGG-1",0
"GTGCAGCGTCCGTTAA","GTGCAGCGTCCGTTAA-1",0
"GTGCAGCGTTATCCGA","GTGCAGCGTTATCCGA-1",0
"GTGCAGCTCACCGGGT","GTGCAGCTCACCGGGT-1",0
"GTGCATAAGACGCACA","GTGCATAAGACGCACA-1",0
"GTGCATAAGAGACTAT","GTGCATAAGAGACTAT-1",0
"GTGCATAAGCCCAACC","GTGCATAAGCCCAACC-1",0
"GTGCGGTAGTCATGCT","GTGCGGTAGTCATGCT-1",0
"GTGCTTCGTACCGCTG","GTGCTTCGTACCGCTG-1",0
"GTGCTTCGTAGAGGAA","GTGCTTCGTAGAGGAA-1",0
"GTGCTTCTCTCGCTTG","GTGCTTCTCTCGCTTG-1",0
"GTGGGTCGTCAACTGT","GTGGGTCGTCAACTGT-1",1
"GTGGGTCTCACCATAG","GTGGGTCTCACCATAG-1",0
"GTGTGCGTCCAGTAGT","GTGTGCGTCCAGTAGT-1",0
"GTGTGCGTCTGCAGTA","GTGTGCGTCTGCAGTA-1",0
"GTGTTAGAGAGTTGGC","GTGTTAGAGAGTTGGC-1",0
"GTGTTAGAGCCCGAAA","GTGTTAGAGCCCGAAA-1",0
"GTTAAGCCAAAGTCAA","GTTAAGCCAAAGTCAA-1",0
"GTTAAGCGTCAATGTC","GTTAAGCGTCAATGTC-1",0
"GTTACAGCACCGATAT","GTTACAGCACCGATAT-1",0
"GTTCATTGTAGGGTAC","GTTCATTGTAGGGTAC-1",0
"GTTCGGGCACCCAGTG","GTTCGGGCACCCAGTG-1",0
"GTTCGGGGTCCTGCTT","GTTCGGGGTCCTGCTT-1",1
"GTTCGGGTCATCACCC","GTTCGGGTCATCACCC-1",0
"GTTCGGGTCCCAAGAT","GTTCGGGTCCCAAGAT-1",0
"GTTCGGGTCGTCTGAA","GTTCGGGTCGTCTGAA-1",0
"GTTCTCGTCGCCTGTT","GTTCTCGTCGCCTGTT-1",0
"GTTTCTACACAAGACG","GTTTCTACACAAGACG-1",1
"GTTTCTATCCTATTCA","GTTTCTATCCTATTCA-1",0
"TAAACCGAGCACCGTC","TAAACCGAGCACCGTC-1",1
"TAAACCGCACAGGCCT","TAAACCGCACAGGCCT-1",0
"TAAACCGGTTCCATGA","TAAACCGGTTCCATGA-1",0
"TAAGAGATCTTGAGGT","TAAGAGATCTTGAGGT-1",1
"TAAGTGCAGGACACCA","TAAGTGCAGGACACCA-1",0
"TAAGTGCCATCGGACC","TAAGTGCCATCGGACC-1",0
"TACACGACACCAACCG","TACACGACACCAACCG-1",0
"TACACGATCAAACAAG","TACACGATCAAACAAG-1",0
"TACACGATCAAAGTAG","TACACGATCAAAGTAG-1",1
"TACACGATCACTTATC","TACACGATCACTTATC-1",0
"TACAGTGGTTAAAGAC","TACAGTGGTTAAAGAC-1",0
"TACCTATTCTGCAGTA","TACCTATTCTGCAGTA-1",0
"TACCTTAGTGACGCCT","TACCTTAGTGACGCCT-1",0
"TACGGATAGAGTTGGC","TACGGATAGAGTTGGC-1",0
"TACGGATAGTGTCCAT","TACGGATAGTGTCCAT-1",1
"TACGGATTCTCGATGA","TACGGATTCTCGATGA-1",0
"TACGGGCAGCCAGTAG","TACGGGCAGCCAGTAG-1",0
"TACGGTAGTCTCAACA","TACGGTAGTCTCAACA-1",0
"TACGGTATCGACCAGC","TACGGTATCGACCAGC-1",0
"TACTCGCGTAGGCTGA","TACTCGCGTAGGCTGA-1",0
"TACTTACAGATGCCAG","TACTTACAGATGCCAG-1",0
"TACTTACCAATAGCGG","TACTTACCAATAGCGG-1",0
"TACTTACTCTTAGAGC","TACTTACTCTTAGAGC-1",0
"TACTTGTTCCTTAATC","TACTTGTTCCTTAATC-1",0
"TAGACCACACCAGTTA","TAGACCACACCAGTTA-1",0
"TAGACCACATTGTGCA","TAGACCACATTGTGCA-1",0
"TAGAGCTGTCTAGTCA","TAGAGCTGTCTAGTCA-1",0
"TAGCCGGAGAATAGGG","TAGCCGGAGAATAGGG-1",0
"TAGTTGGAGACATAAC","TAGTTGGAGACATAAC-1",0
"TAGTTGGCACCATCCT","TAGTTGGCACCATCCT-1",0
"TATCAGGCAATCTACG","TATCAGGCAATCTACG-1",0
"TATCTCACAGCTGTGC","TATCTCACAGCTGTGC-1",0
"TATGCCCGTATTCGTG","TATGCCCGTATTCGTG-1",0
"TATGCCCGTCTGGTCG","TATGCCCGTCTGGTCG-1",0
"TCAACGAGTATCGCAT","TCAACGAGTATCGCAT-1",0
"TCAATCTGTGCACTTA","TCAATCTGTGCACTTA-1",0
"TCACGAAGTCCCTACT","TCACGAAGTCCCTACT-1",1
"TCAGATGCAAGCGTAG","TCAGATGCAAGCGTAG-1",0
"TCAGCTCCACGGACAA","TCAGCTCCACGGACAA-1",1
"TCAGCTCGTTAGAACA","TCAGCTCGTTAGAACA-1",0
"TCAGGATCAACACCTA","TCAGGATCAACACCTA-1",0
"TCAGGATGTTCCCGAG","TCAGGATGTTCCCGAG-1",0
"TCAGGTACACCATCCT","TCAGGTACACCATCCT-1",0
"TCATTACAGTTGTAGA","TCATTACAGTTGTAGA-1",0
"TCATTACCATTTCAGG","TCATTACCATTTCAGG-1",0
"TCATTTGAGAGAACAG","TCATTTGAGAGAACAG-1",1
"TCATTTGAGTAGGTGC","TCATTTGAGTAGGTGC-1",0
"TCCACACAGACAAGCC","TCCACACAGACAAGCC-1",0
"TCCACACAGTTATCGC","TCCACACAGTTATCGC-1",0
"TCCCGATGTGGCAAAC","TCCCGATGTGGCAAAC-1",1
"TCGAGGCAGTCCCACG","TCGAGGCAGTCCCACG-1",0
"TCGAGGCCAGGCGATA","TCGAGGCCAGGCGATA-1",0
"TCGAGGCGTTCCATGA","TCGAGGCGTTCCATGA-1",0
"TCGAGGCTCTGCTGTC","TCGAGGCTCTGCTGTC-1",0
"TCGCGAGAGACCACGA","TCGCGAGAGACCACGA-1",0
"TCGCGAGCACGCTTTC","TCGCGAGCACGCTTTC-1",0
"TCGCGAGGTTCAACCA","TCGCGAGGTTCAACCA-1",0
"TCGCGTTCATTAGGCT","TCGCGTTCATTAGGCT-1",0
"TCGCGTTGTCTAGTGT","TCGCGTTGTCTAGTGT-1",0
"TCGGGACGTAAGGGCT","TCGGGACGTAAGGGCT-1",1
"TCGGTAAGTCCTAGCG","TCGGTAAGTCCTAGCG-1",0
"TCGGTAATCAGATAAG","TCGGTAATCAGATAAG-1",0
"TCGTAGAGTGAGGGAG","TCGTAGAGTGAGGGAG-1",0
"TCTATTGCACCAGGTC","TCTATTGCACCAGGTC-1",0
"TCTATTGCACCTCGGA","TCTATTGCACCTCGGA-1",1
"TCTATTGTCACTTATC","TCTATTGTCACTTATC-1",0
"TCTCATAAGAGGGCTT","TCTCATAAGAGGGCTT-1",0
"TCTCATAAGGATGGAA","TCTCATAAGGATGGAA-1",0
"TCTCATAGTACCATCA","TCTCATAGTACCATCA-1",0
"TCTCTAAAGACCTAGG","TCTCTAAAGACCTAGG-1",0
"TCTCTAACAGGTCTCG","TCTCTAACAGGTCTCG-1",0
"TCTGAGAGTGTGACCC","TCTGAGAGTGTGACCC-1",0
"TCTGGAAGTTGGTGGA","TCTGGAAGTTGGTGGA-1",0
"TCTGGAAGTTGTTTGG","TCTGGAAGTTGTTTGG-1",0
"TCTTCGGCAATGGAGC","TCTTCGGCAATGGAGC-1",0
"TCTTCGGCATGGTTGT","TCTTCGGCATGGTTGT-1",0
"TCTTCGGTCACGATGT","TCTTCGGTCACGATGT-1",0
"TCTTTCCGTTACGCGC","TCTTTCCGTTACGCGC-1",0
"TCTTTCCGTTCCACTC","TCTTTCCGTTCCACTC-1",0
"TGAAAGAAGGGTCGAT","TGAAAGAAGGGTCGAT-1",0
"TGAAAGACAGACGCTC","TGAAAGACAGACGCTC-1",0
"TGAAAGAGTATGCTTG","TGAAAGAGTATGCTTG-1",0
"TGAAAGAGTTTCGCTC","TGAAAGAGTTTCGCTC-1",0
"TGACAACCATGCAATC","TGACAACCATGCAATC-1",0
"TGACGGCCAAACCTAC","TGACGGCCAAACCTAC-1",0
"TGACGGCTCATAAAGG","TGACGGCTCATAAAGG-1",0
"TGACGGCTCCGTCAAA","TGACGGCTCCGTCAAA-1",0
"TGACTAGAGTCCTCCT","TGACTAGAGTCCTCCT-1",0
"TGAGAGGAGCTATGCT","TGAGAGGAGCTATGCT-1",0
"TGAGAGGCAGTTCCCT","TGAGAGGCAGTTCCCT-1",0
"TGAGCCGGTTAAAGTG","TGAGCCGGTTAAAGTG-1",0
"TGAGCCGTCCGCATCT","TGAGCCGTCCGCATCT-1",0
"TGAGGGATCCGCGTTT","TGAGGGATCCGCGTTT-1",0
"TGATTTCGTGAGGCTA","TGATTTCGTGAGGCTA-1",1
"TGATTTCGTGCTGTAT","TGATTTCGTGCTGTAT-1",0
"TGATTTCTCATTATCC","TGATTTCTCATTATCC-1",0
"TGCACCTAGATCGGGT","TGCACCTAGATCGGGT-1",0
"TGCACCTAGTGTACTC","TGCACCTAGTGTACTC-1",0
"TGCCAAAAGCCGATTT","TGCCAAAAGCCGATTT-1",0
"TGCCAAAAGTGTTAGA","TGCCAAAAGTGTTAGA-1",1
"TGCCCATCACATCTTT","TGCCCATCACATCTTT-1",0
"TGCCCTACAATACGCT","TGCCCTACAATACGCT-1",0
"TGCCCTACACTATCTT","TGCCCTACACTATCTT-1",0
"TGCCCTAGTGCAACGA","TGCCCTAGTGCAACGA-1",0
"TGCCCTATCGCCTGTT","TGCCCTATCGCCTGTT-1",0
"TGCGCAGCAGGTCCAC","TGCGCAGCAGGTCCAC-1",0
"TGCGCAGGTCTTCAAG","TGCGCAGGTCTTCAAG-1",0
"TGCGCAGTCTGCTGTC","TGCGCAGTCTGCTGTC-1",1
"TGCGGGTTCATCGCTC","TGCGGGTTCATCGCTC-1",0
"TGCGGGTTCGTAGGTT","TGCGGGTTCGTAGGTT-1",1
"TGCTACCAGTCCATAC","TGCTACCAGTCCATAC-1",0
"TGCTGCTAGGCAGTCA","TGCTGCTAGGCAGTCA-1",0
"TGGACGCCACATAACC","TGGACGCCACATAACC-1",0
"TGGCCAGTCGCCTGAG","TGGCCAGTCGCCTGAG-1",0
"TGGCCAGTCTCATTCA","TGGCCAGTCTCATTCA-1",1
"TGGCGCAGTAGGGACT","TGGCGCAGTAGGGACT-1",0
"TGGCGCAGTCATATGC","TGGCGCAGTCATATGC-1",0
"TGGCTGGAGCGGCTTC","TGGCTGGAGCGGCTTC-1",0
"TGGCTGGTCGCGTAGC","TGGCTGGTCGCGTAGC-1",0
"TGGGAAGAGAATCTCC","TGGGAAGAGAATCTCC-1",0
"TGGGAAGCAGGTCTCG","TGGGAAGCAGGTCTCG-1",0
"TGGGAAGTCACCCGAG","TGGGAAGTCACCCGAG-1",0
"TGGGAAGTCTCGAGTA","TGGGAAGTCTCGAGTA-1",0
"TGGGCGTAGAAGGGTA","TGGGCGTAGAAGGGTA-1",0
"TGGGCGTCAAGTAGTA","TGGGCGTCAAGTAGTA-1",0
"TGGTTAGCAAGTCTAC","TGGTTAGCAAGTCTAC-1",0
"TGGTTCCAGAGGTAGA","TGGTTCCAGAGGTAGA-1",0
"TGGTTCCGTAAAGTCA","TGGTTCCGTAAAGTCA-1",1
"TGTATTCGTGACGGTA","TGTATTCGTGACGGTA-1",1
"TGTCCCACAATAGAGT","TGTCCCACAATAGAGT-1",0
"TGTGGTAGTCAGGACA","TGTGGTAGTCAGGACA-1",0
"TTAACTCGTCAAAGAT","TTAACTCGTCAAAGAT-1",0
"TTAACTCTCCAGAAGG","TTAACTCTCCAGAAGG-1",0
"TTAACTCTCTGTCTAT","TTAACTCTCTGTCTAT-1",0
"TTAGGCAAGACAGGCT","TTAGGCAAGACAGGCT-1",1
"TTAGGCAAGGATGGAA","TTAGGCAAGGATGGAA-1",0
"TTAGGCACACCGGAAA","TTAGGCACACCGGAAA-1",0
"TTAGTTCGTGAGTATA","TTAGTTCGTGAGTATA-1",0
"TTAGTTCGTGATGATA","TTAGTTCGTGATGATA-1",0
"TTAGTTCGTTACGTCA","TTAGTTCGTTACGTCA-1",0
"TTAGTTCTCACATAGC","TTAGTTCTCACATAGC-1",1
"TTATGCTCATATGAGA","TTATGCTCATATGAGA-1",0
"TTCGAAGCAGGCGATA","TTCGAAGCAGGCGATA-1",0
"TTCGAAGGTGATAAGT","TTCGAAGGTGATAAGT-1",0
"TTCGGTCAGTAGCGGT","TTCGGTCAGTAGCGGT-1",0
"TTCTCAATCTGTGCAA","TTCTCAATCTGTGCAA-1",0
"TTCTCCTGTAAACGCG","TTCTCCTGTAAACGCG-1",0
"TTCTCCTTCTCGCTTG","TTCTCCTTCTCGCTTG-1",0
"TTCTTAGCACACGCTG","TTCTTAGCACACGCTG-1",0
"TTGAACGAGACTAGAT","TTGAACGAGACTAGAT-1",0
"TTGAACGAGATCCGAG","TTGAACGAGATCCGAG-1",0
"TTGAACGCAGTCAGAG","TTGAACGCAGTCAGAG-1",0
"TTGAACGGTTCGGCAC","TTGAACGGTTCGGCAC-1",0
"TTGAACGTCTGGCGTG","TTGAACGTCTGGCGTG-1",0
"TTGACTTTCGATGAGG","TTGACTTTCGATGAGG-1",0
"TTGCGTCCAGATGGCA","TTGCGTCCAGATGGCA-1",1
"TTGGAACGTACTTGAC","TTGGAACGTACTTGAC-1",0
"TTGGCAACAAGTTCTG","TTGGCAACAAGTTCTG-1",1
"TTGGCAATCTTGTATC","TTGGCAATCTTGTATC-1",1
"TTTACTGGTCCCTTGT","TTTACTGGTCCCTTGT-1",0
"TTTACTGTCGCATGAT","TTTACTGTCGCATGAT-1",0
"TTTATGCTCACCCTCA","TTTATGCTCACCCTCA-1",0
"TTTATGCTCTGCTGTC","TTTATGCTCTGCTGTC-1",0
"TTTCCTCTCGCTTGTC","TTTCCTCTCGCTTGTC-1",0
"TTTGCGCAGGTGTGGT","TTTGCGCAGGTGTGGT-1",0
"TTTGGTTGTGTTAAGA","TTTGGTTGTGTTAAGA-1",0
"TTTGTCAAGGTCGGAT","TTTGTCAAGGTCGGAT-1",0
